"","Algorithm","Power","FDR"
"1","1D_NPMLE",0.65236,0.0941215292711519
"2","2D_NPMLE",0.66756,0.0952349487069207
