"","Algorithm","Power","FDR"
"1","1D_NPMLE",0.68436,0.0932053941351041
"2","2D_NPMLE",0.69472,0.0912927160876573
