"","Algorithm","Power","FDR"
"1","1D_NPMLE",0.69636,0.0902517983132253
"2","2D_NPMLE",0.67604,0.0846369337372953
