"","Algorithm","Power","FDR"
"1","1D_NPMLE",0.668,0.087431693989071
"2","2D_NPMLE",0.68,0.0933333333333333
