"","Algorithm","Power","FDR"
"1","1D_NPMLE",0.687333333333333,0.0938805812393424
"2","2D_NPMLE",0.694,0.0907751559837915
