"","Algorithm","Power","FDR"
"1","1D_NPMLE",0.6136,0.0923653202304422
"2","2D_NPMLE",0.63268,0.0925822942746694
