"","Algorithm","Power","FDR"
"1","1D_NPMLE",0.6825,0.0994124259520353
"2","2D_NPMLE",0.515,0.0823140932947729
