"","Algorithm","Power","FDR"
"1","1D_NPMLE",0.722,0.0873120962067422
"2","2D_NPMLE",0.725,0.0970132578578877
