"","Algorithm","Power","FDR"
"1","1D_NPMLE",0.6592,0.0927075981337238
"2","2D_NPMLE",0.6438,0.0905131950578907
