"","Algorithm","Power","FDR"
"1","1D_NPMLE",0.68772,0.0867480295508193
"2","2D_NPMLE",0.65344,0.0817828070030873
