"","Algorithm","Power","FDR"
"1","1D_NPMLE",0.628,0.0893149296985482
"2","2D_NPMLE",0.64148,0.0926104640142647
