"","Algorithm","Power","FDR"
"1","1D_NPMLE",0.69,0.0921572188497928
"2","2D_NPMLE",0.702666666666667,0.0880212996804152
