"","Algorithm","Power","FDR"
"1","1D_NPMLE",0.57164,0.0904696859003442
"2","2D_NPMLE",0.59016,0.0940351869559822
