"","Algorithm","Power","FDR"
"1","1D_NPMLE",0.685,0.0903270639030378
"2","2D_NPMLE",0.685,0.0852028809812451
