"","Algorithm","Power","FDR"
"1","1D_NPMLE",0.70956,0.0898841962437619
"2","2D_NPMLE",0.68988,0.0868612948668848
