"","Algorithm","Power","FDR"
"1","1D_NPMLE",0.62604,0.0865630890733571
"2","2D_NPMLE",0.63876,0.089648476591464
