"","Algorithm","Power","FDR"
"1","2D_NPMLE",0.72012,0.0900160948760961
"2","1D_NPMLE",0.7172,0.0887493332016848
