"","Algorithm","Power","FDR"
"1","1D_NPMLE",0.69256,0.0917866344645229
"2","2D_NPMLE",0.65688,0.0878256676465582
