"","Algorithm","Power","FDR"
"1","1D_NPMLE",0.696,0.104103988018714
"2","2D_NPMLE",0.702,0.101131922037722
