"","Algorithm","Power","FDR"
"1","1D_NPMLE",0.696,0.10077519379845
"2","2D_NPMLE",0.706,0.0971867007672634
