"","Algorithm","Power","FDR"
"1","1D_NPMLE",0.67372,0.0906071732769923
"2","2D_NPMLE",0.6754,0.0909513788091617
