"","Algorithm","Power","FDR"
"1","1D_NPMLE",0.70272,0.0919223106132269
"2","2D_NPMLE",0.68268,0.0909455455167699
