"","Algorithm","Power","FDR"
"1","1D_NPMLE",0.644,0.0720461095100865
"2","2D_NPMLE",0.658,0.0861111111111111
