"","Algorithm","Power","FDR"
"1","1D_NPMLE",0.70224,0.0895671847144915
"2","2D_NPMLE",0.65064,0.0827048690314175
