"","Algorithm","Power","FDR"
"1","2D_NPMLE",0.72356,0.090082547293648
"2","1D_NPMLE",0.71832,0.0902815972203147
