"","Algorithm","Power","FDR"
"1","1D_NPMLE",0.65368,0.0922638221748261
"2","2D_NPMLE",0.65288,0.0913238408706887
