"","Algorithm","Power","FDR"
"1","1D_NPMLE",0.699,0.0802304964539007
"2","2D_NPMLE",0.712,0.090643961636328
