"","Algorithm","Power","FDR"
"1","1D_NPMLE",0.66524,0.0881754100970062
"2","2D_NPMLE",0.67484,0.0880210618390657
