"","Algorithm","Power","FDR"
"1","1D_NPMLE",0.71612,0.0875480646276446
"2","2D_NPMLE",0.72424,0.0896945693082366
